805164;MTA_805164;ST GEORGE FERRY/RAMP C S78;MTA NYCT_S78;['MTA NYCT_S78'];BRICKTOWN MALL via HYLAN
200176;MTA_200176;BAY ST/NICK LAPORTE PL;MTA NYCT_S78;['MTA NYCT_S42', 'MTA NYCT_S46', 'MTA NYCT_S48', 'MTA NYCT_S51', 'MTA NYCT_S52', 'MTA NYCT_S61', 'MTA NYCT_S62', 'MTA NYCT_S66', 'MTA NYCT_S74', 'MTA NYCT_S76', 'MTA NYCT_S78'];BRICKTOWN MALL via HYLAN
200177;MTA_200177;BAY ST/CENTRAL AV;MTA NYCT_S78;['MTA NYCT_S46', 'MTA NYCT_S48', 'MTA NYCT_S51', 'MTA NYCT_S61', 'MTA NYCT_S62', 'MTA NYCT_S66', 'MTA NYCT_S76', 'MTA NYCT_S78'];BRICKTOWN MALL via HYLAN
200292;MTA_200292;VICTORY BL/BAY ST;MTA NYCT_S78;['MTA NYCT_S78'];BRICKTOWN MALL via HYLAN
201077;MTA_201077;ST PAULS AV/VAN DUZER ST;MTA NYCT_S78;['MTA NYCT_S78'];BRICKTOWN MALL via HYLAN
201078;MTA_201078;ST PAULS AV/SWAN ST;MTA NYCT_S78;['MTA NYCT_S78'];BRICKTOWN MALL via HYLAN
202601;MTA_202601;ST PAULS AV/PAXTON ST;MTA NYCT_S78;['MTA NYCT_S78'];BRICKTOWN MALL via HYLAN
201080;MTA_201080;ST PAULS AV/CEBRA AV;MTA NYCT_S78;['MTA NYCT_S78'];BRICKTOWN MALL via HYLAN
201081;MTA_201081;BEACH ST/VAN DUZER ST;MTA NYCT_S78;['MTA NYCT_S52', 'MTA NYCT_S78'];BRICKTOWN MALL via HYLAN
201082;MTA_201082;BEACH ST/UNION PL;MTA NYCT_S78;['MTA NYCT_S52', 'MTA NYCT_S78'];BRICKTOWN MALL via HYLAN
201083;MTA_201083;CANAL ST/WRIGHT ST;MTA NYCT_S78;['MTA NYCT_S52', 'MTA NYCT_S74', 'MTA NYCT_S78', 'MTA NYCT_SIM30'];BRICKTOWN MALL via HYLAN
201084;MTA_201084;TOMPKINS AV/BROAD ST;MTA NYCT_S78;['MTA NYCT_S52', 'MTA NYCT_S78'];BRICKTOWN MALL via HYLAN
201085;MTA_201085;TOMPKINS AV/HILL ST;MTA NYCT_S78;['MTA NYCT_S52', 'MTA NYCT_S78'];BRICKTOWN MALL via HYLAN
201086;MTA_201086;TOMPKINS AV/VANDERBILT AV;MTA NYCT_S78;['MTA NYCT_S52', 'MTA NYCT_S78', 'MTA NYCT_SIM30'];BRICKTOWN MALL via HYLAN
201087;MTA_201087;TOMPKINS AV/TOWNSEND AV;MTA NYCT_S78;['MTA NYCT_S52', 'MTA NYCT_S78'];BRICKTOWN MALL via HYLAN
201088;MTA_201088;TOMPKINS AV/CHESTNUT AV;MTA NYCT_S78;['MTA NYCT_S52', 'MTA NYCT_S78'];BRICKTOWN MALL via HYLAN
201282;MTA_201282;TOMPKINS AV/ST MARYS AV;MTA NYCT_S78;['MTA NYCT_S52', 'MTA NYCT_S78'];BRICKTOWN MALL via HYLAN
201090;MTA_201090;HYLAN BL/VAUGHN ST;MTA NYCT_S78;['MTA NYCT_S78', 'MTA NYCT_SIM30'];BRICKTOWN MALL via HYLAN
905016;MTA_905016;MILFORD DR/OCEAN TER;MTA NYCT_S78;['MTA NYCT_S53', 'MTA NYCT_S78'];BRICKTOWN MALL via HYLAN
203756;MTA_203756;HYLAN BL/REYNOLDS ST;MTA NYCT_S78;['MTA NYCT_S78'];BRICKTOWN MALL via HYLAN
201092;MTA_201092;HYLAN BL/DONLEY AV;MTA NYCT_S78;['MTA NYCT_S78'];BRICKTOWN MALL via HYLAN
200652;MTA_200652;CLOVE RD/MILFORD DR;MTA NYCT_S78;['MTA NYCT_S53', 'MTA NYCT_S78'];BRICKTOWN MALL via HYLAN
905018;MTA_905018;HYLAN BL / NARROWS RD S;MTA NYCT_S78;['MTA NYCT_S78'];BRICKTOWN MALL via HYLAN
201093;MTA_201093;OLGA PL/POUCH TER;MTA NYCT_S78;['MTA NYCT_S78'];BRICKTOWN MALL via HYLAN
201094;MTA_201094;HYLAN BL/PIEDMONT AV;MTA NYCT_S78;['MTA NYCT_S78'];BRICKTOWN MALL via HYLAN
203499;MTA_203499;CLOVE RD/RHINE AV;MTA NYCT_S78;['MTA NYCT_S53', 'MTA NYCT_S78'];BRICKTOWN MALL via HYLAN
203500;MTA_203500;CLOVE RD/TARGEE ST;MTA NYCT_S78;['MTA NYCT_S53', 'MTA NYCT_S78'];BRICKTOWN MALL via HYLAN
200696;MTA_200696;HYLAN BL/FINGERBOARD RD;MTA NYCT_S78;['MTA NYCT_S78'];BRICKTOWN MALL via HYLAN
203501;MTA_203501;CLOVE RD/BRITTON AV;MTA NYCT_S78;['MTA NYCT_S53', 'MTA NYCT_S78'];BRICKTOWN MALL via HYLAN
201096;MTA_201096;HYLAN BL/W FINGERBOARD RD;MTA NYCT_S78;['MTA NYCT_S78'];BRICKTOWN MALL via HYLAN
200695;MTA_200695;SAND LA/HYLAN BL;MTA NYCT_S78;['MTA NYCT_S52', 'MTA NYCT_S53', 'MTA NYCT_S78'];BRICKTOWN MALL via HYLAN
203502;MTA_203502;CLOVE RD/NECKAR AV;MTA NYCT_S78;['MTA NYCT_S53', 'MTA NYCT_S78'];BRICKTOWN MALL via HYLAN
203095;MTA_203095;HYLAN BL/W FINGERBOARD RD;MTA NYCT_S78;['MTA NYCT_S53', 'MTA NYCT_S78'];BRICKTOWN MALL via HYLAN
203503;MTA_203503;CLOVE RD/ELBE AV;MTA NYCT_S78;['MTA NYCT_S53', 'MTA NYCT_S78'];BRICKTOWN MALL via HYLAN
200697;MTA_200697;HYLAN BL/BIONIA AV;MTA NYCT_S78;['MTA NYCT_S53', 'MTA NYCT_S78'];BRICKTOWN MALL via HYLAN
203504;MTA_203504;CLOVE RD/GRASMERE STATION;MTA NYCT_S78;['MTA NYCT_S53', 'MTA NYCT_S78'];BRICKTOWN MALL via HYLAN
200698;MTA_200698;HYLAN BL/STEUBEN ST;MTA NYCT_S78;['MTA NYCT_S53', 'MTA NYCT_S78'];BRICKTOWN MALL via HYLAN
203505;MTA_203505;CLOVE RD/W FINGERBOARD RD;MTA NYCT_S78;['MTA NYCT_S53', 'MTA NYCT_S78'];BRICKTOWN MALL via HYLAN
200699;MTA_200699;HYLAN BL/ALLENDALE RD;MTA NYCT_S78;['MTA NYCT_S78'];BRICKTOWN MALL via HYLAN
200700;MTA_200700;HYLAN BL/CLOVE RD;MTA NYCT_S78;['MTA NYCT_S53', 'MTA NYCT_S78', 'MTA NYCT_S79+', 'MTA NYCT_SIM1', 'MTA NYCT_SIM1C', 'MTA NYCT_SIM7', 'MTA NYCT_SIM10', 'MTA NYCT_SIM11'];BRICKTOWN MALL via HYLAN
201102;MTA_201102;HYLAN BL/PARKINSON AV;MTA NYCT_S78;['MTA NYCT_S78'];BRICKTOWN MALL via HYLAN
203695;MTA_203695;HYLAN BL/OLD TOWN RD;MTA NYCT_S78;['MTA NYCT_S78', 'MTA NYCT_S79+', 'MTA NYCT_SIM1', 'MTA NYCT_SIM1C', 'MTA NYCT_SIM7', 'MTA NYCT_SIM10', 'MTA NYCT_SIM11'];BRICKTOWN MALL via HYLAN
201104;MTA_201104;HYLAN BL/REID AV;MTA NYCT_S78;['MTA NYCT_S78'];BRICKTOWN MALL via HYLAN
201105;MTA_201105;HYLAN BL/COOPER AV;MTA NYCT_S78;['MTA NYCT_S78'];BRICKTOWN MALL via HYLAN
201106;MTA_201106;HYLAN BL/BURGHER AV;MTA NYCT_S78;['MTA NYCT_S78', 'MTA NYCT_SIM1', 'MTA NYCT_SIM1C', 'MTA NYCT_SIM7', 'MTA NYCT_SIM10', 'MTA NYCT_SIM11'];BRICKTOWN MALL via HYLAN
201107;MTA_201107;HYLAN BL/DELAWARE AV;MTA NYCT_S78;['MTA NYCT_S78'];BRICKTOWN MALL via HYLAN
201108;MTA_201108;HYLAN BL/CROMWELL AV;MTA NYCT_S78;['MTA NYCT_S78', 'MTA NYCT_SIM1', 'MTA NYCT_SIM1C', 'MTA NYCT_SIM7', 'MTA NYCT_SIM10', 'MTA NYCT_SIM11'];BRICKTOWN MALL via HYLAN
201109;MTA_201109;HYLAN BL/SEAVIEW AV;MTA NYCT_S78;['MTA NYCT_S78', 'MTA NYCT_S79+'];BRICKTOWN MALL via HYLAN
201110;MTA_201110;HYLAN BL/BUEL AV;MTA NYCT_S78;['MTA NYCT_S78', 'MTA NYCT_SIM1', 'MTA NYCT_SIM1C', 'MTA NYCT_SIM7', 'MTA NYCT_SIM10', 'MTA NYCT_SIM11'];BRICKTOWN MALL via HYLAN
203016;MTA_203016;HYLAN BL/NAUGHTON AV;MTA NYCT_S78;['MTA NYCT_S78'];BRICKTOWN MALL via HYLAN
201112;MTA_201112;HYLAN BL/SEAVER AV;MTA NYCT_S78;['MTA NYCT_S78'];BRICKTOWN MALL via HYLAN
201113;MTA_201113;HYLAN BL/JEFFERSON AV;MTA NYCT_S78;['MTA NYCT_S78', 'MTA NYCT_SIM1', 'MTA NYCT_SIM1C', 'MTA NYCT_SIM7', 'MTA NYCT_SIM10', 'MTA NYCT_SIM11'];BRICKTOWN MALL via HYLAN
201114;MTA_201114;HYLAN BL/ADAMS AV;MTA NYCT_S78;['MTA NYCT_S78'];BRICKTOWN MALL via HYLAN
201115;MTA_201115;HYLAN BL/HAMDEN AV;MTA NYCT_S78;['MTA NYCT_S78'];BRICKTOWN MALL via HYLAN
200236;MTA_200236;MIDLAND AV/BOUNDARY AV;MTA NYCT_S78;['MTA NYCT_S51', 'MTA NYCT_S76', 'MTA NYCT_S78', 'MTA NYCT_S81'];BRICKTOWN MALL via HYLAN
200237;MTA_200237;HYLAN BL/MIDLAND AV;MTA NYCT_S78;['MTA NYCT_S51', 'MTA NYCT_S78', 'MTA NYCT_S79+', 'MTA NYCT_S81'];BRICKTOWN MALL via HYLAN
201117;MTA_201117;HYLAN BL/LINCOLN AV;MTA NYCT_S78;['MTA NYCT_S78', 'MTA NYCT_SIM1', 'MTA NYCT_SIM1C', 'MTA NYCT_SIM5', 'MTA NYCT_SIM6', 'MTA NYCT_SIM7', 'MTA NYCT_SIM9', 'MTA NYCT_SIM10', 'MTA NYCT_SIM11'];BRICKTOWN MALL via HYLAN
201118;MTA_201118;HYLAN BL/BANCROFT AV;MTA NYCT_S78;['MTA NYCT_S78'];BRICKTOWN MALL via HYLAN
201119;MTA_201119;HYLAN BL/OTIS AV;MTA NYCT_S78;['MTA NYCT_S78'];BRICKTOWN MALL via HYLAN
202387;MTA_202387;NEW DORP LA/MILL RD;MTA NYCT_S78;['MTA NYCT_S76', 'MTA NYCT_S78'];BRICKTOWN MALL via HYLAN
201120;MTA_201120;HYLAN BL/BURBANK AV;MTA NYCT_S78;['MTA NYCT_S78'];BRICKTOWN MALL via HYLAN
201121;MTA_201121;HYLAN BL/NEW DORP LA;MTA NYCT_S78;['MTA NYCT_S78', 'MTA NYCT_S79+'];BRICKTOWN MALL via HYLAN
201122;MTA_201122;HYLAN BL/ROSE AV;MTA NYCT_S78;['MTA NYCT_S78'];BRICKTOWN MALL via HYLAN
201123;MTA_201123;HYLAN BL/STERLING AV;MTA NYCT_S78;['MTA NYCT_S78'];BRICKTOWN MALL via HYLAN
201124;MTA_201124;HYLAN BL/LINDBERGH AV;MTA NYCT_S78;['MTA NYCT_S78', 'MTA NYCT_S79+', 'MTA NYCT_SIM1', 'MTA NYCT_SIM1C', 'MTA NYCT_SIM5', 'MTA NYCT_SIM6', 'MTA NYCT_SIM7', 'MTA NYCT_SIM9', 'MTA NYCT_SIM10', 'MTA NYCT_SIM11'];BRICKTOWN MALL via HYLAN
201125;MTA_201125;HYLAN BL/CANNON BL;MTA NYCT_S78;['MTA NYCT_S78'];BRICKTOWN MALL via HYLAN
201126;MTA_201126;HYLAN BL/TYSENS LA;MTA NYCT_S78;['MTA NYCT_S57', 'MTA NYCT_S78', 'MTA NYCT_S79+', 'MTA NYCT_SIM1', 'MTA NYCT_SIM1C', 'MTA NYCT_SIM5', 'MTA NYCT_SIM6', 'MTA NYCT_SIM7', 'MTA NYCT_SIM9', 'MTA NYCT_SIM10'];BRICKTOWN MALL via HYLAN
201127;MTA_201127;HYLAN BL/OAK AV;MTA NYCT_S78;['MTA NYCT_S57', 'MTA NYCT_S78'];BRICKTOWN MALL via HYLAN
201128;MTA_201128;HYLAN BL/GUYON AV;MTA NYCT_S78;['MTA NYCT_S78', 'MTA NYCT_S79+', 'MTA NYCT_SIM1', 'MTA NYCT_SIM1C', 'MTA NYCT_SIM5', 'MTA NYCT_SIM6', 'MTA NYCT_SIM7', 'MTA NYCT_SIM9', 'MTA NYCT_SIM10'];BRICKTOWN MALL via HYLAN
201129;MTA_201129;HYLAN BL/CHAMPLAIN AV;MTA NYCT_S78;['MTA NYCT_S78'];BRICKTOWN MALL via HYLAN
201130;MTA_201130;HYLAN BL/MONTREAL AV;MTA NYCT_S78;['MTA NYCT_S78', 'MTA NYCT_SIM1', 'MTA NYCT_SIM1C', 'MTA NYCT_SIM5', 'MTA NYCT_SIM6', 'MTA NYCT_SIM7', 'MTA NYCT_SIM9', 'MTA NYCT_SIM10'];BRICKTOWN MALL via HYLAN
201131;MTA_201131;HYLAN BL/CURRIE AV;MTA NYCT_S78;['MTA NYCT_S78'];BRICKTOWN MALL via HYLAN
201132;MTA_201132;HYLAN BL/BUFFALO ST;MTA NYCT_S78;['MTA NYCT_S78', 'MTA NYCT_S79+', 'MTA NYCT_SIM1', 'MTA NYCT_SIM1C', 'MTA NYCT_SIM5', 'MTA NYCT_SIM6', 'MTA NYCT_SIM7', 'MTA NYCT_SIM9', 'MTA NYCT_SIM10'];BRICKTOWN MALL via HYLAN
203680;MTA_203680;HYLAN BL/SPRATT AV;MTA NYCT_S78;['MTA NYCT_S78'];BRICKTOWN MALL via HYLAN
201133;MTA_201133;HYLAN BL/BAY TER;MTA NYCT_S78;['MTA NYCT_S78', 'MTA NYCT_SIM1', 'MTA NYCT_SIM1C', 'MTA NYCT_SIM5', 'MTA NYCT_SIM6', 'MTA NYCT_SIM7', 'MTA NYCT_SIM9', 'MTA NYCT_SIM10'];BRICKTOWN MALL via HYLAN
201134;MTA_201134;HYLAN BL/BAY TER;MTA NYCT_S78;['MTA NYCT_S78', 'MTA NYCT_S79+'];BRICKTOWN MALL via HYLAN
201135;MTA_201135;HYLAN BL/REDGRAVE AV;MTA NYCT_S78;['MTA NYCT_S78'];BRICKTOWN MALL via HYLAN
201136;MTA_201136;HYLAN BL/KEEGANS LA;MTA NYCT_S78;['MTA NYCT_S78', 'MTA NYCT_SIM1', 'MTA NYCT_SIM1C', 'MTA NYCT_SIM5', 'MTA NYCT_SIM6', 'MTA NYCT_SIM7', 'MTA NYCT_SIM9', 'MTA NYCT_SIM10'];BRICKTOWN MALL via HYLAN
201137;MTA_201137;HYLAN BL/FIELDWAY AV;MTA NYCT_S78;['MTA NYCT_S78'];BRICKTOWN MALL via HYLAN
201138;MTA_201138;HYLAN BL/GREAT KILLS RD;MTA NYCT_S78;['MTA NYCT_S78'];BRICKTOWN MALL via HYLAN
201139;MTA_201139;HYLAN BL/HILLSIDE TER;MTA NYCT_S78;['MTA NYCT_S78', 'MTA NYCT_SIM1', 'MTA NYCT_SIM1C', 'MTA NYCT_SIM5', 'MTA NYCT_SIM6', 'MTA NYCT_SIM7', 'MTA NYCT_SIM9', 'MTA NYCT_SIM10'];BRICKTOWN MALL via HYLAN
201141;MTA_201141;HYLAN BL/NELSON AV;MTA NYCT_S78;['MTA NYCT_S54', 'MTA NYCT_S78', 'MTA NYCT_S79+', 'MTA NYCT_SIM1', 'MTA NYCT_SIM1C', 'MTA NYCT_SIM7', 'MTA NYCT_SIM9', 'MTA NYCT_SIM10'];BRICKTOWN MALL via HYLAN
200367;MTA_200367;HYLAN BL/OSBORNE AV;MTA NYCT_S78;['MTA NYCT_S54', 'MTA NYCT_S78'];BRICKTOWN MALL via HYLAN
200368;MTA_200368;HYLAN BL/ARMSTRONG AV;MTA NYCT_S78;['MTA NYCT_S54', 'MTA NYCT_S78', 'MTA NYCT_SIM1', 'MTA NYCT_SIM1C', 'MTA NYCT_SIM7', 'MTA NYCT_SIM9', 'MTA NYCT_SIM10'];BRICKTOWN MALL via HYLAN
202664;MTA_202664;HYLAN BL/PACIFIC AV;MTA NYCT_S78;['MTA NYCT_S54', 'MTA NYCT_S78'];BRICKTOWN MALL via HYLAN
202665;MTA_202665;HYLAN BL/WINCHESTER AV;MTA NYCT_S78;['MTA NYCT_S54', 'MTA NYCT_S78'];BRICKTOWN MALL via HYLAN
202856;MTA_202856;HYLAN BL/RICHMOND AV;MTA NYCT_S78;['MTA NYCT_S59', 'MTA NYCT_S78', 'MTA NYCT_S89'];BRICKTOWN MALL via HYLAN
201171;MTA_201171;HYLAN BL/HALES AV;MTA NYCT_S78;['MTA NYCT_S59', 'MTA NYCT_S78'];BRICKTOWN MALL via HYLAN
201172;MTA_201172;HYLAN BL/WOODS OF ARDEN RD;MTA NYCT_S78;['MTA NYCT_S59', 'MTA NYCT_S78', 'MTA NYCT_SIM22'];BRICKTOWN MALL via HYLAN
201173;MTA_201173;HYLAN BL/ARDEN AV;MTA NYCT_S78;['MTA NYCT_S59', 'MTA NYCT_S78', 'MTA NYCT_SIM23'];BRICKTOWN MALL via HYLAN
201174;MTA_201174;HYLAN BL/HOLDRIDGE AV;MTA NYCT_S78;['MTA NYCT_S59', 'MTA NYCT_S78'];BRICKTOWN MALL via HYLAN
201175;MTA_201175;HYLAN BL/BARCLAY AV;MTA NYCT_S78;['MTA NYCT_S59', 'MTA NYCT_S78', 'MTA NYCT_SIM23'];BRICKTOWN MALL via HYLAN
201176;MTA_201176;HYLAN BL/LIPSETT AV;MTA NYCT_S78;['MTA NYCT_S59', 'MTA NYCT_S78'];BRICKTOWN MALL via HYLAN
201177;MTA_201177;HYLAN BL/LIPSETT AV;MTA NYCT_S78;['MTA NYCT_S59', 'MTA NYCT_S78'];BRICKTOWN MALL via HYLAN
201178;MTA_201178;HYLAN BL/POILLON AV;MTA NYCT_S78;['MTA NYCT_S59', 'MTA NYCT_S78', 'MTA NYCT_SIM23'];BRICKTOWN MALL via HYLAN
805045;MTA_805045;HYLAN BL/WENDY DR;MTA NYCT_S78;['MTA NYCT_S55', 'MTA NYCT_S78'];BRICKTOWN MALL via HYLAN
201179;MTA_201179;HYLAN BL/WENDY DR;MTA NYCT_S78;['MTA NYCT_S59', 'MTA NYCT_S78'];BRICKTOWN MALL via HYLAN
203131;MTA_203131;HYLAN BL/ARBUTUS AV;MTA NYCT_S78;['MTA NYCT_S59', 'MTA NYCT_S78'];BRICKTOWN MALL via HYLAN
203440;MTA_203440;LUTEN AV/EYLANDT ST;MTA NYCT_S78;['MTA NYCT_S78'];BRICKTOWN MALL via HYLAN
201181;MTA_201181;HYLAN BL/HUGUENOT AV;MTA NYCT_S78;['MTA NYCT_S55', 'MTA NYCT_S59', 'MTA NYCT_S78', 'MTA NYCT_SIM2'];BRICKTOWN MALL via HYLAN
201182;MTA_201182;HYLAN BL/LUTEN AV;MTA NYCT_S78;['MTA NYCT_S55', 'MTA NYCT_S56', 'MTA NYCT_S59', 'MTA NYCT_S78', 'MTA NYCT_SIM2'];BRICKTOWN MALL via HYLAN
201183;MTA_201183;HYLAN BL/CORNELIA AV;MTA NYCT_S78;['MTA NYCT_S56', 'MTA NYCT_S59', 'MTA NYCT_S78'];BRICKTOWN MALL via HYLAN
201184;MTA_201184;HYLAN BL/SEGUINE AV;MTA NYCT_S78;['MTA NYCT_S55', 'MTA NYCT_S56', 'MTA NYCT_S59', 'MTA NYCT_S78', 'MTA NYCT_SIM2'];BRICKTOWN MALL via HYLAN
201185;MTA_201185;HYLAN BL/INEZ ST;MTA NYCT_S78;['MTA NYCT_S59', 'MTA NYCT_S78'];BRICKTOWN MALL via HYLAN
201186;MTA_201186;HYLAN BL/BAYVIEW AV;MTA NYCT_S78;['MTA NYCT_S59', 'MTA NYCT_S78', 'MTA NYCT_SIM2', 'MTA NYCT_SIM25'];BRICKTOWN MALL via HYLAN
201187;MTA_201187;HYLAN BL/WOODVALE AV;MTA NYCT_S78;['MTA NYCT_S59', 'MTA NYCT_S78', 'MTA NYCT_SIM2', 'MTA NYCT_SIM25'];BRICKTOWN MALL via HYLAN
201188;MTA_201188;HYLAN BL/SHARROTT AV;MTA NYCT_S78;['MTA NYCT_S59', 'MTA NYCT_S78'];BRICKTOWN MALL via HYLAN
201189;MTA_201189;HYLAN BL/KENNY RD;MTA NYCT_S78;['MTA NYCT_S59', 'MTA NYCT_S78'];BRICKTOWN MALL via HYLAN
201190;MTA_201190;HYLAN BL/CUNNINGHAM RD;MTA NYCT_S78;['MTA NYCT_S59', 'MTA NYCT_S78'];BRICKTOWN MALL via HYLAN
201191;MTA_201191;HYLAN BL/RICHARD AV;MTA NYCT_S78;['MTA NYCT_S59', 'MTA NYCT_S78'];BRICKTOWN MALL via HYLAN
201192;MTA_201192;HYLAN BL/PAGE AV;MTA NYCT_S78;['MTA NYCT_S59', 'MTA NYCT_S78'];BRICKTOWN MALL via HYLAN
201193;MTA_201193;HYLAN BL/BEDELL AV;MTA NYCT_S78;['MTA NYCT_S59', 'MTA NYCT_S78', 'MTA NYCT_SIM2', 'MTA NYCT_SIM25', 'MTA NYCT_SIM26'];BRICKTOWN MALL via HYLAN
201194;MTA_201194;HYLAN BL/JOLINE AV;MTA NYCT_S78;['MTA NYCT_S59', 'MTA NYCT_S78'];BRICKTOWN MALL via HYLAN
201195;MTA_201195;HYLAN BL/SPRAGUE AV;MTA NYCT_S78;['MTA NYCT_S59', 'MTA NYCT_S78', 'MTA NYCT_SIM2', 'MTA NYCT_SIM25', 'MTA NYCT_SIM26'];BRICKTOWN MALL via HYLAN
202605;MTA_202605;HYLAN BL/YETMAN AV;MTA NYCT_S78;['MTA NYCT_S59', 'MTA NYCT_S78'];BRICKTOWN MALL via HYLAN
201196;MTA_201196;HYLAN BL/BRIGHTON ST;MTA NYCT_S78;['MTA NYCT_S59', 'MTA NYCT_S78'];BRICKTOWN MALL via HYLAN
203390;MTA_203390;HYLAN BL/CHELSEA ST;MTA NYCT_S78;['MTA NYCT_S59', 'MTA NYCT_S78', 'MTA NYCT_SIM2', 'MTA NYCT_SIM25', 'MTA NYCT_SIM26'];BRICKTOWN MALL via HYLAN
201198;MTA_201198;HYLAN BL/CARTERET ST;MTA NYCT_S78;['MTA NYCT_S59', 'MTA NYCT_S78'];BRICKTOWN MALL via HYLAN
203516;MTA_203516;HYLAN BL/CONNECTICUT ST;MTA NYCT_S78;['MTA NYCT_S59', 'MTA NYCT_S78'];BRICKTOWN MALL via HYLAN
203483;MTA_203483;HYLAN BL/CRAIG AV;MTA NYCT_S78;['MTA NYCT_S59', 'MTA NYCT_S78', 'MTA NYCT_SIM2', 'MTA NYCT_SIM25', 'MTA NYCT_SIM26'];BRICKTOWN MALL via HYLAN
203485;MTA_203485;CRAIG AV/AMBOY RD;MTA NYCT_S78;['MTA NYCT_S59', 'MTA NYCT_S78', 'MTA NYCT_SIM26'];BRICKTOWN MALL via HYLAN
203876;MTA_203876;AMBOY RD/CARTERET ST;MTA NYCT_S78;['MTA NYCT_S78'];BRICKTOWN MALL via HYLAN
250048;MTA_250048;AMBOY RD/MAIN ST;MTA NYCT_S78;['MTA NYCT_S78', 'MTA NYCT_SIM26'];BRICKTOWN MALL via HYLAN
202066;MTA_202066;ARTHUR KILL RD/YETMAN AV;MTA NYCT_S78;['MTA NYCT_S74', 'MTA NYCT_S78'];BRICKTOWN MALL via HYLAN
202067;MTA_202067;ARTHUR KILL RD/WOOD AV;MTA NYCT_S78;['MTA NYCT_S74', 'MTA NYCT_S78'];BRICKTOWN MALL via HYLAN
202068;MTA_202068;ARTHUR KILL RD/ARTHUR KILL STATION;MTA NYCT_S78;['MTA NYCT_S74', 'MTA NYCT_S78'];BRICKTOWN MALL via HYLAN
202069;MTA_202069;ARTHUR KILL RD/NASSAU PL;MTA NYCT_S78;['MTA NYCT_S74', 'MTA NYCT_S78'];BRICKTOWN MALL via HYLAN
203542;MTA_203542;ARTHUR KILL RD/RICHMOND VALLEY RD;MTA NYCT_S78;['MTA NYCT_S74', 'MTA NYCT_S78'];BRICKTOWN MALL via HYLAN
203543;MTA_203543;ARTHUR KILL RD/MAJOR LEAGUE PLAZA;MTA NYCT_S78;['MTA NYCT_S74', 'MTA NYCT_S78'];BRICKTOWN MALL via HYLAN
203544;MTA_203544;ARTHUR KILL RD/S BRIDGE ST;MTA NYCT_S78;['MTA NYCT_S74', 'MTA NYCT_S78'];BRICKTOWN MALL via HYLAN
905179;MTA_905179;BRICKTOWN SHOPPING CENTER;MTA NYCT_S78;['MTA NYCT_S74', 'MTA NYCT_S78', 'MTA NYCT_S84'];BRICKTOWN MALL via HYLAN
905010;MTA_905010;EYLANDT ST/LUTEN AV;MTA NYCT_S78;['MTA NYCT_S59', 'MTA NYCT_S78'];BRICKTOWN MALL via HYLAN
905180;MTA_905180;BRICKTOWN MALL/SHOPPING CENTER;MTA NYCT_S78;['MTA NYCT_S74', 'MTA NYCT_S78'];ST GEORGE FERRY via HYLAN
202256;MTA_202256;ARTHUR KILL RD/ALLENTOWN LA;MTA NYCT_S78;['MTA NYCT_S74', 'MTA NYCT_S78'];ST GEORGE FERRY via HYLAN
203549;MTA_203549;ARTHUR KILL RD/S BRIDGE ST;MTA NYCT_S78;['MTA NYCT_S74', 'MTA NYCT_S78'];ST GEORGE FERRY via HYLAN
203550;MTA_203550;ARTHUR KILL RD/RICHMOND VALLEY RD;MTA NYCT_S78;['MTA NYCT_S74', 'MTA NYCT_S78'];ST GEORGE FERRY via HYLAN
202260;MTA_202260;ARTHUR KILL RD/NASSAU PL;MTA NYCT_S78;['MTA NYCT_S74', 'MTA NYCT_S78'];ST GEORGE FERRY via HYLAN
203183;MTA_203183;ARTHUR KILL RD/ARTHUR KILL STATION;MTA NYCT_S78;['MTA NYCT_S74', 'MTA NYCT_S78'];ST GEORGE FERRY via HYLAN
202262;MTA_202262;ARTHUR KILL RD/WOOD AV;MTA NYCT_S78;['MTA NYCT_S74', 'MTA NYCT_S78'];ST GEORGE FERRY via HYLAN
202263;MTA_202263;ARTHUR KILL RD/YETMAN AV;MTA NYCT_S78;['MTA NYCT_S74', 'MTA NYCT_S78'];ST GEORGE FERRY via HYLAN
202264;MTA_202264;ARTHUR KILL RD/MAIN ST;MTA NYCT_S78;['MTA NYCT_S74', 'MTA NYCT_S78'];ST GEORGE FERRY via HYLAN
203068;MTA_203068;MAIN ST/CRAIG AV;MTA NYCT_S78;['MTA NYCT_S74', 'MTA NYCT_S78'];ST GEORGE FERRY via HYLAN
200966;MTA_200966;MAIN ST/AMBOY RD;MTA NYCT_S78;['MTA NYCT_S78'];ST GEORGE FERRY via HYLAN
200967;MTA_200967;MAIN ST/HYLAN BL;MTA NYCT_S78;['MTA NYCT_S59', 'MTA NYCT_S78'];ST GEORGE FERRY via HYLAN
200968;MTA_200968;HYLAN BL/BRIGHTON ST;MTA NYCT_S78;['MTA NYCT_S59', 'MTA NYCT_S78', 'MTA NYCT_SIM2', 'MTA NYCT_SIM25', 'MTA NYCT_SIM26'];ST GEORGE FERRY via HYLAN
200969;MTA_200969;HYLAN BL/YETMAN AV;MTA NYCT_S78;['MTA NYCT_S59', 'MTA NYCT_S78'];ST GEORGE FERRY via HYLAN
200970;MTA_200970;HYLAN BL/SPRAGUE AV;MTA NYCT_S78;['MTA NYCT_S59', 'MTA NYCT_S78', 'MTA NYCT_SIM2', 'MTA NYCT_SIM25', 'MTA NYCT_SIM26'];ST GEORGE FERRY via HYLAN
200971;MTA_200971;HYLAN BL/JOLINE AV;MTA NYCT_S78;['MTA NYCT_S59', 'MTA NYCT_S78'];ST GEORGE FERRY via HYLAN
200972;MTA_200972;HYLAN BL/BEDELL AV;MTA NYCT_S78;['MTA NYCT_S59', 'MTA NYCT_S78', 'MTA NYCT_SIM2', 'MTA NYCT_SIM25', 'MTA NYCT_SIM26'];ST GEORGE FERRY via HYLAN
200973;MTA_200973;HYLAN BL/PAGE AV;MTA NYCT_S78;['MTA NYCT_S59', 'MTA NYCT_S78'];ST GEORGE FERRY via HYLAN
200974;MTA_200974;HYLAN BL/RICHARD AV;MTA NYCT_S78;['MTA NYCT_S59', 'MTA NYCT_S78'];ST GEORGE FERRY via HYLAN
203642;MTA_203642;HYLAN BL/CUNNINGHAM RD;MTA NYCT_S78;['MTA NYCT_S59', 'MTA NYCT_S78'];ST GEORGE FERRY via HYLAN
203647;MTA_203647;HYLAN BL/KENNY RD;MTA NYCT_S78;['MTA NYCT_S59', 'MTA NYCT_S78'];ST GEORGE FERRY via HYLAN
200977;MTA_200977;HYLAN BL/SHARROTT AV;MTA NYCT_S78;['MTA NYCT_S59', 'MTA NYCT_S78'];ST GEORGE FERRY via HYLAN
200978;MTA_200978;HYLAN BL/WOODVALE AV;MTA NYCT_S78;['MTA NYCT_S59', 'MTA NYCT_S78', 'MTA NYCT_SIM2', 'MTA NYCT_SIM25'];ST GEORGE FERRY via HYLAN
200979;MTA_200979;HYLAN BL/BAY VIEW AV;MTA NYCT_S78;['MTA NYCT_S59', 'MTA NYCT_S78', 'MTA NYCT_SIM2', 'MTA NYCT_SIM25'];ST GEORGE FERRY via HYLAN
200980;MTA_200980;HYLAN BL/INEZ ST;MTA NYCT_S78;['MTA NYCT_S59', 'MTA NYCT_S78'];ST GEORGE FERRY via HYLAN
200981;MTA_200981;HYLAN BL/SEGUINE AV;MTA NYCT_S78;['MTA NYCT_S55', 'MTA NYCT_S56', 'MTA NYCT_S59', 'MTA NYCT_S78', 'MTA NYCT_SIM2'];ST GEORGE FERRY via HYLAN
203440;MTA_203440;LUTEN AV/EYLANDT ST;MTA NYCT_S78;['MTA NYCT_S78'];ST GEORGE FERRY via HYLAN
200982;MTA_200982;HYLAN BL/CORNELIA AV;MTA NYCT_S78;['MTA NYCT_S55', 'MTA NYCT_S56', 'MTA NYCT_S59', 'MTA NYCT_S78'];ST GEORGE FERRY via HYLAN
200983;MTA_200983;HYLAN BL/LUTEN AV;MTA NYCT_S78;['MTA NYCT_S59', 'MTA NYCT_S78', 'MTA NYCT_SIM2'];ST GEORGE FERRY via HYLAN
200984;MTA_200984;HYLAN BL/HUGUENOT AV;MTA NYCT_S78;['MTA NYCT_S78'];ST GEORGE FERRY via HYLAN
200985;MTA_200985;HYLAN BL/ARBUTUS AV;MTA NYCT_S78;['MTA NYCT_S59', 'MTA NYCT_S78'];ST GEORGE FERRY via HYLAN
202657;MTA_202657;HYLAN BL/WENDY DR;MTA NYCT_S78;['MTA NYCT_S55', 'MTA NYCT_S56', 'MTA NYCT_S59', 'MTA NYCT_S78'];ST GEORGE FERRY via HYLAN
200987;MTA_200987;HYLAN BL/POILLON AV;MTA NYCT_S78;['MTA NYCT_S59', 'MTA NYCT_S78', 'MTA NYCT_SIM23'];ST GEORGE FERRY via HYLAN
200988;MTA_200988;HYLAN BL/DOLE ST;MTA NYCT_S78;['MTA NYCT_S59', 'MTA NYCT_S78'];ST GEORGE FERRY via HYLAN
200990;MTA_200990;HYLAN BL/LIPSETT AV;MTA NYCT_S78;['MTA NYCT_S59', 'MTA NYCT_S78'];ST GEORGE FERRY via HYLAN
200991;MTA_200991;HYLAN BL/BARCLAY AV;MTA NYCT_S78;['MTA NYCT_S59', 'MTA NYCT_S78', 'MTA NYCT_SIM23'];ST GEORGE FERRY via HYLAN
200992;MTA_200992;HYLAN BL/HOLDRIDGE AV;MTA NYCT_S78;['MTA NYCT_S59', 'MTA NYCT_S78'];ST GEORGE FERRY via HYLAN
200993;MTA_200993;HYLAN BL/ARDEN AV;MTA NYCT_S78;['MTA NYCT_S59', 'MTA NYCT_S78'];ST GEORGE FERRY via HYLAN
200994;MTA_200994;HYLAN BL/WOODS OF ARDEN RD;MTA NYCT_S78;['MTA NYCT_S59', 'MTA NYCT_S78', 'MTA NYCT_SIM22'];ST GEORGE FERRY via HYLAN
200995;MTA_200995;HYLAN BL/HALES AV;MTA NYCT_S78;['MTA NYCT_S59', 'MTA NYCT_S78'];ST GEORGE FERRY via HYLAN
203431;MTA_203431;HYLAN BL/RICHMOND AV;MTA NYCT_S78;['MTA NYCT_S78', 'MTA NYCT_SIM9'];ST GEORGE FERRY via HYLAN
200479;MTA_200479;HYLAN BL/WINCHESTER AV;MTA NYCT_S78;['MTA NYCT_S54', 'MTA NYCT_S78', 'MTA NYCT_S79+'];ST GEORGE FERRY via HYLAN
200480;MTA_200480;HYLAN BL/LITTLEFIELD AV;MTA NYCT_S78;['MTA NYCT_S54', 'MTA NYCT_S78'];ST GEORGE FERRY via HYLAN
203399;MTA_203399;HYLAN BL/ARMSTRONG AV;MTA NYCT_S78;['MTA NYCT_S54', 'MTA NYCT_S78', 'MTA NYCT_SIM1', 'MTA NYCT_SIM1C', 'MTA NYCT_SIM7', 'MTA NYCT_SIM9', 'MTA NYCT_SIM10'];ST GEORGE FERRY via HYLAN
203361;MTA_203361;HYLAN BL/GOODALL ST;MTA NYCT_S78;['MTA NYCT_S54', 'MTA NYCT_S78'];ST GEORGE FERRY via HYLAN
201003;MTA_201003;HYLAN BL/NELSON AV;MTA NYCT_S78;['MTA NYCT_S78', 'MTA NYCT_S79+', 'MTA NYCT_SIM1', 'MTA NYCT_SIM1C', 'MTA NYCT_SIM5', 'MTA NYCT_SIM6', 'MTA NYCT_SIM7', 'MTA NYCT_SIM9', 'MTA NYCT_SIM10'];ST GEORGE FERRY via HYLAN
201005;MTA_201005;HYLAN BL/HILLSIDE TER;MTA NYCT_S78;['MTA NYCT_S78', 'MTA NYCT_SIM1', 'MTA NYCT_SIM1C', 'MTA NYCT_SIM5', 'MTA NYCT_SIM6', 'MTA NYCT_SIM7', 'MTA NYCT_SIM9', 'MTA NYCT_SIM10'];ST GEORGE FERRY via HYLAN
201006;MTA_201006;HYLAN BL/GREAT KILLS RD;MTA NYCT_S78;['MTA NYCT_S78'];ST GEORGE FERRY via HYLAN
201007;MTA_201007;HYLAN BL/FIELDWAY AV;MTA NYCT_S78;['MTA NYCT_S78'];ST GEORGE FERRY via HYLAN
201008;MTA_201008;HYLAN BL/KEEGANS LA;MTA NYCT_S78;['MTA NYCT_S78', 'MTA NYCT_SIM1', 'MTA NYCT_SIM1C', 'MTA NYCT_SIM5', 'MTA NYCT_SIM6', 'MTA NYCT_SIM7', 'MTA NYCT_SIM9', 'MTA NYCT_SIM10'];ST GEORGE FERRY via HYLAN
201009;MTA_201009;HYLAN BL/REDGRAVE AV;MTA NYCT_S78;['MTA NYCT_S78'];ST GEORGE FERRY via HYLAN
201010;MTA_201010;HYLAN BL/BAY TERRACE;MTA NYCT_S78;['MTA NYCT_S78', 'MTA NYCT_S79+', 'MTA NYCT_SIM1', 'MTA NYCT_SIM1C', 'MTA NYCT_SIM5', 'MTA NYCT_SIM6', 'MTA NYCT_SIM7', 'MTA NYCT_SIM9', 'MTA NYCT_SIM10'];ST GEORGE FERRY via HYLAN
201011;MTA_201011;HYLAN BL/JUSTIN AV;MTA NYCT_S78;['MTA NYCT_S78'];ST GEORGE FERRY via HYLAN
202785;MTA_202785;HYLAN BL/SPRATT AV;MTA NYCT_S78;['MTA NYCT_S78'];ST GEORGE FERRY via HYLAN
201012;MTA_201012;HYLAN BL/BUFFALO ST;MTA NYCT_S78;['MTA NYCT_S78', 'MTA NYCT_S79+', 'MTA NYCT_SIM1', 'MTA NYCT_SIM1C', 'MTA NYCT_SIM5', 'MTA NYCT_SIM6', 'MTA NYCT_SIM7', 'MTA NYCT_SIM9', 'MTA NYCT_SIM10'];ST GEORGE FERRY via HYLAN
201013;MTA_201013;HYLAN BL/CHESTERTON AV;MTA NYCT_S78;['MTA NYCT_S78'];ST GEORGE FERRY via HYLAN
201014;MTA_201014;HYLAN BL/MONTREAL AV;MTA NYCT_S78;['MTA NYCT_S78', 'MTA NYCT_SIM1', 'MTA NYCT_SIM1C', 'MTA NYCT_SIM5', 'MTA NYCT_SIM6', 'MTA NYCT_SIM7', 'MTA NYCT_SIM9', 'MTA NYCT_SIM10'];ST GEORGE FERRY via HYLAN
203967;MTA_203967;HYLAN BL/BROOK AV;MTA NYCT_S78;['MTA NYCT_S78'];ST GEORGE FERRY via HYLAN
201016;MTA_201016;HYLAN BL/GUYON AV;MTA NYCT_S78;['MTA NYCT_S78', 'MTA NYCT_S79+', 'MTA NYCT_SIM1', 'MTA NYCT_SIM1C', 'MTA NYCT_SIM5', 'MTA NYCT_SIM6', 'MTA NYCT_SIM7', 'MTA NYCT_SIM9', 'MTA NYCT_SIM10'];ST GEORGE FERRY via HYLAN
201017;MTA_201017;HYLAN BL/OAK AV;MTA NYCT_S78;['MTA NYCT_S57', 'MTA NYCT_S78'];ST GEORGE FERRY via HYLAN
203082;MTA_203082;HYLAN BL/RENO AV;MTA NYCT_S78;['MTA NYCT_S57', 'MTA NYCT_S78', 'MTA NYCT_S79+'];ST GEORGE FERRY via HYLAN
201020;MTA_201020;HYLAN BL/EBBITTS ST;MTA NYCT_S78;['MTA NYCT_S78', 'MTA NYCT_S79+', 'MTA NYCT_SIM1', 'MTA NYCT_SIM1C', 'MTA NYCT_SIM5', 'MTA NYCT_SIM6', 'MTA NYCT_SIM7', 'MTA NYCT_SIM9', 'MTA NYCT_SIM10', 'MTA NYCT_SIM11'];ST GEORGE FERRY via HYLAN
202567;MTA_202567;HYLAN BL/BEACH AV;MTA NYCT_S78;['MTA NYCT_S78'];ST GEORGE FERRY via HYLAN
203683;MTA_203683;HYLAN BL/ROSS AV;MTA NYCT_S78;['MTA NYCT_S78'];ST GEORGE FERRY via HYLAN
203446;MTA_203446;NEW DORP LA/MILL RD;MTA NYCT_S78;['MTA NYCT_S78', 'MTA NYCT_S79+'];ST GEORGE FERRY via HYLAN
201022;MTA_201022;HYLAN BL/JACQUES AV;MTA NYCT_S78;['MTA NYCT_S78', 'MTA NYCT_S79+'];ST GEORGE FERRY via HYLAN
201023;MTA_201023;HYLAN BL/BURBANK AV;MTA NYCT_S78;['MTA NYCT_S78'];ST GEORGE FERRY via HYLAN
202602;MTA_202602;HYLAN BL/OTIS AV;MTA NYCT_S78;['MTA NYCT_S78'];ST GEORGE FERRY via HYLAN
201026;MTA_201026;HYLAN BL/ELMTREE AV;MTA NYCT_S78;['MTA NYCT_S78'];ST GEORGE FERRY via HYLAN
201630;MTA_201630;HYLAN BL/LINCOLN AV;MTA NYCT_S78;['MTA NYCT_S78', 'MTA NYCT_SIM1', 'MTA NYCT_SIM1C', 'MTA NYCT_SIM5', 'MTA NYCT_SIM6', 'MTA NYCT_SIM7', 'MTA NYCT_SIM9', 'MTA NYCT_SIM10', 'MTA NYCT_SIM11'];ST GEORGE FERRY via HYLAN
203444;MTA_203444;MIDLAND AV/BOUNDARY AV;MTA NYCT_S78;['MTA NYCT_S78'];ST GEORGE FERRY via HYLAN
201028;MTA_201028;HYLAN BL/MIDLAND AV;MTA NYCT_S78;['MTA NYCT_S78', 'MTA NYCT_S79+', 'MTA NYCT_SIM7'];ST GEORGE FERRY via HYLAN
201029;MTA_201029;HYLAN BL/HAMDEN AV;MTA NYCT_S78;['MTA NYCT_S78'];ST GEORGE FERRY via HYLAN
201030;MTA_201030;HYLAN BL/ADAMS AV;MTA NYCT_S78;['MTA NYCT_S78'];ST GEORGE FERRY via HYLAN
201031;MTA_201031;HYLAN BL/JEFFERSON AV;MTA NYCT_S78;['MTA NYCT_S78', 'MTA NYCT_SIM1', 'MTA NYCT_SIM1C', 'MTA NYCT_SIM7', 'MTA NYCT_SIM10', 'MTA NYCT_SIM11'];ST GEORGE FERRY via HYLAN
201032;MTA_201032;HYLAN BL/SEAVER AV;MTA NYCT_S78;['MTA NYCT_S78'];ST GEORGE FERRY via HYLAN
201033;MTA_201033;HYLAN BL/NAUGHTON AV;MTA NYCT_S78;['MTA NYCT_S78'];ST GEORGE FERRY via HYLAN
201034;MTA_201034;HYLAN BL/BUEL AV;MTA NYCT_S78;['MTA NYCT_S78', 'MTA NYCT_SIM1', 'MTA NYCT_SIM1C', 'MTA NYCT_SIM7', 'MTA NYCT_SIM10', 'MTA NYCT_SIM11'];ST GEORGE FERRY via HYLAN
203698;MTA_203698;HYLAN BL/LIBERTY AV;MTA NYCT_S78;['MTA NYCT_S78', 'MTA NYCT_S79+'];ST GEORGE FERRY via HYLAN
201036;MTA_201036;HYLAN BL/CROMWELL AV;MTA NYCT_S78;['MTA NYCT_S78', 'MTA NYCT_SIM1', 'MTA NYCT_SIM1C', 'MTA NYCT_SIM7', 'MTA NYCT_SIM10', 'MTA NYCT_SIM11'];ST GEORGE FERRY via HYLAN
201037;MTA_201037;HYLAN BL/DELAWARE AV;MTA NYCT_S78;['MTA NYCT_S78'];ST GEORGE FERRY via HYLAN
201038;MTA_201038;HYLAN BL/EVERGREEN AV;MTA NYCT_S78;['MTA NYCT_S78', 'MTA NYCT_SIM1', 'MTA NYCT_SIM1C', 'MTA NYCT_SIM7', 'MTA NYCT_SIM10', 'MTA NYCT_SIM11'];ST GEORGE FERRY via HYLAN
201039;MTA_201039;HYLAN BL/BENTON AV;MTA NYCT_S78;['MTA NYCT_S78'];ST GEORGE FERRY via HYLAN
203699;MTA_203699;HYLAN BL/REID AV;MTA NYCT_S78;['MTA NYCT_S78'];ST GEORGE FERRY via HYLAN
203700;MTA_203700;HYLAN BL/QUINTARD ST;MTA NYCT_S78;['MTA NYCT_S78', 'MTA NYCT_S79+', 'MTA NYCT_SIM1', 'MTA NYCT_SIM1C', 'MTA NYCT_SIM7', 'MTA NYCT_SIM10', 'MTA NYCT_SIM11'];ST GEORGE FERRY via HYLAN
201042;MTA_201042;HYLAN BL/PARKINSON AV;MTA NYCT_S78;['MTA NYCT_S78'];ST GEORGE FERRY via HYLAN
200660;MTA_200660;HYLAN BL/NORWAY AV;MTA NYCT_S78;['MTA NYCT_S53', 'MTA NYCT_S78', 'MTA NYCT_S79+'];ST GEORGE FERRY via HYLAN
200661;MTA_200661;HYLAN BL/LAMPORT BL;MTA NYCT_S78;['MTA NYCT_S53', 'MTA NYCT_S78'];ST GEORGE FERRY via HYLAN
200662;MTA_200662;HYLAN BL/KRAMER ST;MTA NYCT_S78;['MTA NYCT_S53', 'MTA NYCT_S78'];ST GEORGE FERRY via HYLAN
200663;MTA_200663;HYLAN BL/LINWOOD AV;MTA NYCT_S78;['MTA NYCT_S53', 'MTA NYCT_S78'];ST GEORGE FERRY via HYLAN
200664;MTA_200664;HYLAN BL/SAND LA;MTA NYCT_S78;['MTA NYCT_S53', 'MTA NYCT_S78'];ST GEORGE FERRY via HYLAN
203013;MTA_203013;HYLAN BL/W FINGERBOARD RD;MTA NYCT_S78;['MTA NYCT_S78'];ST GEORGE FERRY via HYLAN
201049;MTA_201049;HYLAN BL/FINGERBOARD RD;MTA NYCT_S78;['MTA NYCT_S78'];ST GEORGE FERRY via HYLAN
201050;MTA_201050;HYLAN BL/PIEDMONT AV;MTA NYCT_S78;['MTA NYCT_S78'];ST GEORGE FERRY via HYLAN
202802;MTA_202802;OLGA PL/HYLAN BL;MTA NYCT_S78;['MTA NYCT_S78'];ST GEORGE FERRY via HYLAN
201052;MTA_201052;HYLAN BL/NARROWS RD S;MTA NYCT_S78;['MTA NYCT_S78', 'MTA NYCT_S79+', 'MTA NYCT_SIM1', 'MTA NYCT_SIM1C', 'MTA NYCT_SIM7', 'MTA NYCT_SIM10', 'MTA NYCT_SIM11'];ST GEORGE FERRY via HYLAN
204058;MTA_204058;HYLAN BL/NARROWS RD S;MTA NYCT_S78;['MTA NYCT_S78'];ST GEORGE FERRY via HYLAN
201053;MTA_201053;HYLAN BL/DONLEY AV;MTA NYCT_S78;['MTA NYCT_S78'];ST GEORGE FERRY via HYLAN
201054;MTA_201054;HYLAN BL/REYNOLDS ST;MTA NYCT_S78;['MTA NYCT_S78'];ST GEORGE FERRY via HYLAN
201055;MTA_201055;HYLAN BL/TOMPKINS AV;MTA NYCT_S78;['MTA NYCT_S78', 'MTA NYCT_SIM30'];ST GEORGE FERRY via HYLAN
203674;MTA_203674;TOMPKINS AV/SAINT MARYS AV;MTA NYCT_S78;['MTA NYCT_S52', 'MTA NYCT_S78'];ST GEORGE FERRY via HYLAN
203116;MTA_203116;TOMPKINS AV/CHESTNUT AV;MTA NYCT_S78;['MTA NYCT_S52', 'MTA NYCT_S78'];ST GEORGE FERRY via HYLAN
201059;MTA_201059;TOMPKINS AV/TOWNSEND AV;MTA NYCT_S78;['MTA NYCT_S52', 'MTA NYCT_S78'];ST GEORGE FERRY via HYLAN
201060;MTA_201060;TOMPKINS AV/VANDERBILT AV;MTA NYCT_S78;['MTA NYCT_S52', 'MTA NYCT_S78', 'MTA NYCT_SIM30'];ST GEORGE FERRY via HYLAN
201061;MTA_201061;TOMPKINS AV/HILL ST;MTA NYCT_S78;['MTA NYCT_S52', 'MTA NYCT_S78'];ST GEORGE FERRY via HYLAN
201062;MTA_201062;TOMPKINS AV/BROAD ST;MTA NYCT_S78;['MTA NYCT_S52', 'MTA NYCT_S78'];ST GEORGE FERRY via HYLAN
202788;MTA_202788;CANAL ST/CANAL ST;MTA NYCT_S78;['MTA NYCT_S52', 'MTA NYCT_S74', 'MTA NYCT_S78', 'MTA NYCT_SIM30'];ST GEORGE FERRY via HYLAN
201064;MTA_201064;VAN DUZER ST/BEACH ST;MTA NYCT_S78;['MTA NYCT_S74', 'MTA NYCT_S78'];ST GEORGE FERRY via HYLAN
201623;MTA_201623;VAN DUZER ST/BALTIC ST;MTA NYCT_S78;['MTA NYCT_S74', 'MTA NYCT_S78'];ST GEORGE FERRY via HYLAN
201066;MTA_201066;VAN DUZER ST/GRANT ST;MTA NYCT_S78;['MTA NYCT_S74', 'MTA NYCT_S78'];ST GEORGE FERRY via HYLAN
200152;MTA_200152;BAY ST/HANNAH ST;MTA NYCT_S78;['MTA NYCT_S51', 'MTA NYCT_S74', 'MTA NYCT_S76', 'MTA NYCT_S78'];ST GEORGE FERRY via HYLAN
200285;MTA_200285;BAY ST/VICTORY BL;MTA NYCT_S78;['MTA NYCT_S78'];ST GEORGE FERRY via HYLAN
200154;MTA_200154;BAY ST/SLOSSON TER;MTA NYCT_S78;['MTA NYCT_S48', 'MTA NYCT_S51', 'MTA NYCT_S61', 'MTA NYCT_S62', 'MTA NYCT_S66', 'MTA NYCT_S74', 'MTA NYCT_S76', 'MTA NYCT_S78'];ST GEORGE FERRY via HYLAN
203650;MTA_203650;BAY ST/BOROUGH PL;MTA NYCT_S78;['MTA NYCT_S42', 'MTA NYCT_S46', 'MTA NYCT_S48', 'MTA NYCT_S51', 'MTA NYCT_S52', 'MTA NYCT_S61', 'MTA NYCT_S62', 'MTA NYCT_S66', 'MTA NYCT_S74', 'MTA NYCT_S76', 'MTA NYCT_S78', 'MTA NYCT_S91', 'MTA NYCT_S92', 'MTA NYCT_S96', 'MTA NYCT_S98'];ST GEORGE FERRY via HYLAN
805015;MTA_805015;ST GEORGE FERRY/RAMP C;MTA NYCT_S78;['MTA NYCT_S46', 'MTA NYCT_S74', 'MTA NYCT_S78', 'MTA NYCT_S96'];ST GEORGE FERRY via HYLAN
